{
    "0": {
        "precision": 0.8433086751849361,
        "recall": 0.9159970781592404,
        "f1-score": 0.8781512605042017,
        "support": 1369.0
    },
    "1": {
        "precision": 0.6179401993355482,
        "recall": 0.4439140811455847,
        "f1-score": 0.5166666666666667,
        "support": 419.0
    },
    "accuracy": 0.8053691275167785,
    "macro avg": {
        "precision": 0.7306244372602422,
        "recall": 0.6799555796524126,
        "f1-score": 0.6974089635854341,
        "support": 1788.0
    },
    "weighted avg": {
        "precision": 0.7904958164707898,
        "recall": 0.8053691275167785,
        "f1-score": 0.7934409446105064,
        "support": 1788.0
    }
}